img,"https://www.ulcdn.net/images/products/155843/product/Baltoro_High_Gloss_Hydraulic_Storage_Bed_Queen_LP.jpg?1561442614,https://www.ulcdn.net/images/products/156487/slide/666x363/Baltoro_High_Gloss_Hydraulic_Storage_Bed_Queen_1.jpg?1561442612,https://www.ulcdn.net/images/products/155845/slide/666x363/Baltoro_High_Gloss_Hydraulic_Storage_Bed_Queen_3.jpg?1561442616,https://www.ulcdn.net/images/products/155852/slide/666x363/Baltoro_Slide_replace_14.jpg?1569580267,https://www.ulcdn.net/images/products/155847/slide/666x363/Baltoro_Storage_Bed_00_05.jpg?1525804404,https://www.ulcdn.net/images/products/237659/slide/666x363/Baltoro_High_Gloss_Hydraulic_Storage_Bed_Queen_5.jpg?1561442618,https://www.ulcdn.net/images/products/359701/slide/666x363/Baltoro_Storage_Bed_Inner_Dimension_2.png?1628833439,https://www.ulcdn.net/images/products/359700/slide/666x363/Baltoro_high_gloss_bed_queen_dim.png?1628833499","https://images.woodenstreet.de/image/cache/data%2Fbed-with-storage-mdf%2Fevaline-bed-with-box-storage%2Frevised%2Frevised%2Fupdated%2Fexotic-teak%2F2-810x702.jpg,https://www.ulcdn.net/images/products/352358/product/Belize_Upholstered_Bed_Size_King_Colour_blue_LP.jpg?1626238711,https://www.amartfurniture.com.au/dw/image/v2/BDDT_PRD/on/demandware.static/-/Sites-amart-master-catalog/default/dwd80f809b/images/hi-res/568240004_003_08092017.jpg?sw=1610,https://www.amartfurniture.com.au/dw/image/v2/BDDT_PRD/on/demandware.static/-/Sites-amart-master-catalog/default/dwd3abee8a/images/hi-res/568240004_004_08092017.jpg?sw=1610,https://www.amartfurniture.com.au/dw/image/v2/BDDT_PRD/on/demandware.static/-/Sites-amart-master-catalog/default/dw5554784f/images/hi-res/568240004_006_08092017.jpg?sw=1610,https://www.amartfurniture.com.au/dw/image/v2/BDDT_PRD/on/demandware.static/-/Sites-amart-master-catalog/default/dwe24c959c/images/hi-res/568240004_020_10302017.jpg?sw=1610,https://www.amartfurniture.com.au/dw/image/v2/BDDT_PRD/on/demandware.static/-/Sites-amart-master-catalog/default/dw3cd60449/images/hi-res/568240004_002_20210315.jpg?sw=1610,https://www.amartfurniture.com.au/dw/image/v2/BDDT_PRD/on/demandware.static/-/Sites-amart-master-catalog/default/dw34280e4f/images/hi-res/568240004_005_08092017.jpg?sw=1610","https://www.amartfurniture.com.au/dw/image/v2/BDDT_PRD/on/demandware.static/-/Sites-amart-master-catalog/default/dwa22823a1/images/hi-res/730860001_001_26082021.jpg?sw=1610,https://www.amartfurniture.com.au/dw/image/v2/BDDT_PRD/on/demandware.static/-/Sites-amart-master-catalog/default/dwac639c78/images/hi-res/730860001_002_26082021.jpg?sw=1610,https://www.amartfurniture.com.au/dw/image/v2/BDDT_PRD/on/demandware.static/-/Sites-amart-master-catalog/default/dw05b3e14a/images/hi-res/730860001_003_26082021.jpg?sw=1610,https://www.amartfurniture.com.au/dw/image/v2/BDDT_PRD/on/demandware.static/-/Sites-amart-master-catalog/default/dw3254f840/images/hi-res/730860001_004_26082021.jpg?sw=1610,https://www.amartfurniture.com.au/dw/image/v2/BDDT_PRD/on/demandware.static/-/Sites-amart-master-catalog/default/dw0704d3cb/images/hi-res/730860001_006_26082021.jpg?sw=1610,https://www.amartfurniture.com.au/dw/image/v2/BDDT_PRD/on/demandware.static/-/Sites-amart-master-catalog/default/dwd2accefc/images/hi-res/730860001_009_26082021.jpg?sw=1610,https://www.amartfurniture.com.au/dw/image/v2/BDDT_PRD/on/demandware.static/-/Sites-amart-master-catalog/default/dwfcb32d7a/images/hi-res/730860001_010_26082021.jpg?sw=1610,https://www.amartfurniture.com.au/dw/image/v2/BDDT_PRD/on/demandware.static/-/Sites-amart-master-catalog/default/dwd4c66c70/images/hi-res/730860001_007_26082021.jpg?sw=1610","https://www.amartfurniture.com.au/dw/image/v2/BDDT_PRD/on/demandware.static/-/Sites-amart-master-catalog/default/dwd943fcc2/images/hi-res/535590001_001_08312015.jpg?sw=1610,https://www.amartfurniture.com.au/dw/image/v2/BDDT_PRD/on/demandware.static/-/Sites-amart-master-catalog/default/dw693a0aae/images/hi-res/535590001_002_07032018.jpg?sw=1610,https://www.amartfurniture.com.au/dw/image/v2/BDDT_PRD/on/demandware.static/-/Sites-amart-master-catalog/default/dw11524807/images/hi-res/535590001_002_08282015.jpg?sw=1610,https://www.amartfurniture.com.au/dw/image/v2/BDDT_PRD/on/demandware.static/-/Sites-amart-master-catalog/default/dw6067b277/images/hi-res/535590001_003_07032018.jpg?sw=1610,https://www.amartfurniture.com.au/dw/image/v2/BDDT_PRD/on/demandware.static/-/Sites-amart-master-catalog/default/dw0021d6d3/images/hi-res/535590001_004_08282015.jpg?sw=1610,https://www.amartfurniture.com.au/dw/image/v2/BDDT_PRD/on/demandware.static/-/Sites-amart-master-catalog/default/dw5ff2ef3c/images/hi-res/535590001_005_08282015.jpg?sw=1610,https://www.amartfurniture.com.au/dw/image/v2/BDDT_PRD/on/demandware.static/-/Sites-amart-master-catalog/default/dw01d6ca7e/images/hi-res/535590001_006_08282015.jpg?sw=1610,https://www.amartfurniture.com.au/dw/image/v2/BDDT_PRD/on/demandware.static/-/Sites-amart-master-catalog/default/dw88e060b5/images/hi-res/535590001_999_08282015.jpg?sw=1610","https://www.amartfurniture.com.au/dw/image/v2/BDDT_PRD/on/demandware.static/-/Sites-amart-master-catalog/default/dwc58b4a8e/images/hi-res/701370001_002_07092020.jpg?sw=1610,https://www.amartfurniture.com.au/dw/image/v2/BDDT_PRD/on/demandware.static/-/Sites-amart-master-catalog/default/dw9dc0ee2e/images/hi-res/701370001_003_07092020.jpg?sw=1610,https://www.amartfurniture.com.au/dw/image/v2/BDDT_PRD/on/demandware.static/-/Sites-amart-master-catalog/default/dw60992c24/images/hi-res/701370001_004_07092020.jpg?sw=1610,https://www.amartfurniture.com.au/dw/image/v2/BDDT_PRD/on/demandware.static/-/Sites-amart-master-catalog/default/dw2db17920/images/hi-res/701370001_888_07092020.jpg?sw=1610,https://www.amartfurniture.com.au/dw/image/v2/BDDT_PRD/on/demandware.static/-/Sites-amart-master-catalog/default/dwe374ffe4/images/hi-res/701370001_998_20102020.jpg?sw=1610,https://www.amartfurniture.com.au/dw/image/v2/BDDT_PRD/on/demandware.static/-/Sites-amart-master-catalog/default/dw60992c24/images/hi-res/701370001_004_07092020.jpg?sw=1610,https://www.amartfurniture.com.au/dw/image/v2/BDDT_PRD/on/demandware.static/-/Sites-amart-master-catalog/default/dw9dc0ee2e/images/hi-res/701370001_003_07092020.jpg?sw=1610,https://www.amartfurniture.com.au/dw/image/v2/BDDT_PRD/on/demandware.static/-/Sites-amart-master-catalog/default/dw2db17920/images/hi-res/701370001_888_07092020.jpg?sw=1610","https://www.amartfurniture.com.au/dw/image/v2/BDDT_PRD/on/demandware.static/-/Sites-amart-master-catalog/default/dwc8f2abb3/images/hi-res/747200001_998_30062022.jpg?sw=1610,https://www.amartfurniture.com.au/dw/image/v2/BDDT_PRD/on/demandware.static/-/Sites-amart-master-catalog/default/dwea98a6b3/images/hi-res/747200001_002_13062022.jpg?sw=1610,https://www.amartfurniture.com.au/dw/image/v2/BDDT_PRD/on/demandware.static/-/Sites-amart-master-catalog/default/dw49df74e9/images/hi-res/747200001_003_13062022.jpg?sw=1610,https://www.amartfurniture.com.au/dw/image/v2/BDDT_PRD/on/demandware.static/-/Sites-amart-master-catalog/default/dw8d976f3c/images/hi-res/747200001_888_03052022.jpg?sw=1610,https://www.amartfurniture.com.au/dw/image/v2/BDDT_PRD/on/demandware.static/-/Sites-amart-master-catalog/default/dw23358a74/images/hi-res/747200001_889_13062022.jpg?sw=1610,https://www.amartfurniture.com.au/dw/image/v2/BDDT_PRD/on/demandware.static/-/Sites-amart-master-catalog/default/dw81bf5dd3/images/hi-res/689520001_999_30062021.jpg?sw=1610,https://www.amartfurniture.com.au/dw/image/v2/BDDT_PRD/on/demandware.static/-/Sites-amart-master-catalog/default/dw6ec5e575/images/hi-res/689520001_003_26072021.jpg?sw=1610,https://www.amartfurniture.com.au/dw/image/v2/BDDT_PRD/on/demandware.static/-/Sites-amart-master-catalog/default/dw1e0373c4/images/hi-res/689520001_888_15072020.jpg?sw=1610","https://www.amartfurniture.com.au/dw/image/v2/BDDT_PRD/on/demandware.static/-/Sites-amart-master-catalog/default/dw743519bb/images/hi-res/722970001_888_11082021.jpg?sw=1610,https://www.amartfurniture.com.au/dw/image/v2/BDDT_PRD/on/demandware.static/-/Sites-amart-master-catalog/default/dwa8b8588a/images/hi-res/722970001_000_20210819.jpg?sw=1610,https://www.amartfurniture.com.au/dw/image/v2/BDDT_PRD/on/demandware.static/-/Sites-amart-master-catalog/default/dwf4cb0063/images/hi-res/722970001_001_20210819.jpg?sw=1610,https://www.amartfurniture.com.au/dw/image/v2/BDDT_PRD/on/demandware.static/-/Sites-amart-master-catalog/default/dw67a8e697/images/hi-res/722970001_999_20210819.jpg?sw=1610,https://www.amartfurniture.com.au/dw/image/v2/BDDT_PRD/on/demandware.static/-/Sites-amart-master-catalog/default/dwa8b8588a/images/hi-res/722970001_000_20210819.jpg?sw=1610,https://www.amartfurniture.com.au/dw/image/v2/BDDT_PRD/on/demandware.static/-/Sites-amart-master-catalog/default/dwf4cb0063/images/hi-res/722970001_001_20210819.jpg?sw=1610,https://www.amartfurniture.com.au/dw/image/v2/BDDT_PRD/on/demandware.static/-/Sites-amart-master-catalog/default/dw743519bb/images/hi-res/722970001_888_11082021.jpg?sw=1610,https://www.amartfurniture.com.au/dw/image/v2/BDDT_PRD/on/demandware.static/-/Sites-amart-master-catalog/default/dw67a8e697/images/hi-res/722970001_999_20210819.jpg?sw=1610","https://www.amartfurniture.com.au/dw/image/v2/BDDT_PRD/on/demandware.static/-/Sites-amart-master-catalog/default/dw690a94a2/images/hi-res/748480004_001_30062022.jpg?sw=1610,https://www.amartfurniture.com.au/dw/image/v2/BDDT_PRD/on/demandware.static/-/Sites-amart-master-catalog/default/dwfb7e2af8/images/hi-res/748480004_002_30062022.jpg?sw=1610,https://www.amartfurniture.com.au/dw/image/v2/BDDT_PRD/on/demandware.static/-/Sites-amart-master-catalog/default/dw1537e174/images/hi-res/748480004_003_30062022.jpg?sw=1610,https://www.amartfurniture.com.au/dw/image/v2/BDDT_PRD/on/demandware.static/-/Sites-amart-master-catalog/default/dwb563f8f9/images/hi-res/748480004_004_30062022.jpg?sw=1610,https://www.amartfurniture.com.au/dw/image/v2/BDDT_PRD/on/demandware.static/-/Sites-amart-master-catalog/default/dwdbcfab3e/images/hi-res/748480004_005_30062022.jpg?sw=1610,https://www.amartfurniture.com.au/dw/image/v2/BDDT_PRD/on/demandware.static/-/Sites-amart-master-catalog/default/dw2d7cbd5c/images/hi-res/748480004_006_30062022.jpg?sw=1610,https://www.amartfurniture.com.au/dw/image/v2/BDDT_PRD/on/demandware.static/-/Sites-amart-master-catalog/default/dwf061c2cf/images/hi-res/748480004_008_30062022.jpg?sw=1610,https://www.amartfurniture.com.au/dw/image/v2/BDDT_PRD/on/demandware.static/-/Sites-amart-master-catalog/default/dw4a77c926/images/hi-res/748480004_011_30062022.jpg?sw=1610","https://www.amartfurniture.com.au/dw/image/v2/BDDT_PRD/on/demandware.static/-/Sites-amart-master-catalog/default/dw36c2ab0a/images/hi-res/745470001_002_30032022.jpg?sw=1610,https://www.amartfurniture.com.au/dw/image/v2/BDDT_PRD/on/demandware.static/-/Sites-amart-master-catalog/default/dwb505bcfe/images/hi-res/745470001_003_30032022.jpg?sw=1610,https://www.amartfurniture.com.au/dw/image/v2/BDDT_PRD/on/demandware.static/-/Sites-amart-master-catalog/default/dw859c0f32/images/hi-res/745470001_001_29042022.jpg?sw=1610,https://www.amartfurniture.com.au/dw/image/v2/BDDT_PRD/on/demandware.static/-/Sites-amart-master-catalog/default/dw5b0ebabd/images/hi-res/745470001_004_30032022.jpg?sw=1610,https://www.amartfurniture.com.au/dw/image/v2/BDDT_PRD/on/demandware.static/-/Sites-amart-master-catalog/default/dwac712e57/images/hi-res/745470001_005_30032022.jpg?sw=1610,https://www.amartfurniture.com.au/dw/image/v2/BDDT_PRD/on/demandware.static/-/Sites-amart-master-catalog/default/dwb07717fd/images/hi-res/745470001_006_30032022.jpg?sw=1610,https://www.amartfurniture.com.au/dw/image/v2/BDDT_PRD/on/demandware.static/-/Sites-amart-master-catalog/default/dw07f678bb/images/hi-res/745470001_007_30032022.jpg?sw=1610,https://www.amartfurniture.com.au/dw/image/v2/BDDT_PRD/on/demandware.static/-/Sites-amart-master-catalog/default/dw6af78a2d/images/hi-res/745470001_008_30032022.jpg?sw=1610","https://www.amartfurniture.com.au/dw/image/v2/BDDT_PRD/on/demandware.static/-/Sites-amart-master-catalog/default/dwe4879302/images/hi-res/681480001_998_26082020.jpg?sw=1610,https://www.amartfurniture.com.au/dw/image/v2/BDDT_PRD/on/demandware.static/-/Sites-amart-master-catalog/default/dw6126fb35/images/hi-res/681480001_999_03052022.jpg?sw=1610,https://www.amartfurniture.com.au/dw/image/v2/BDDT_PRD/on/demandware.static/-/Sites-amart-master-catalog/default/dwacd9258f/images/hi-res/681480001_002_05152020.jpg?sw=1610,https://www.amartfurniture.com.au/dw/image/v2/BDDT_PRD/on/demandware.static/-/Sites-amart-master-catalog/default/dw15136db8/images/hi-res/681480001_003_05152020.jpg?sw=1610,https://www.amartfurniture.com.au/dw/image/v2/BDDT_PRD/on/demandware.static/-/Sites-amart-master-catalog/default/dw77fcf9a6/images/hi-res/681480001_004_05152020.jpg?sw=1610,https://www.amartfurniture.com.au/dw/image/v2/BDDT_PRD/on/demandware.static/-/Sites-amart-master-catalog/default/dwbbd653bf/images/hi-res/681480001_888_21102021.jpg?sw=1610,https://www.amartfurniture.com.au/dw/image/v2/BDDT_PRD/on/demandware.static/-/Sites-amart-master-catalog/default/dwe4879302/images/hi-res/681480001_998_26082020.jpg?sw=1610,https://www.amartfurniture.com.au/dw/image/v2/BDDT_PRD/on/demandware.static/-/Sites-amart-master-catalog/default/dw6126fb35/images/hi-res/681480001_999_03052022.jpg?sw=1610","https://www.amartfurniture.com.au/dw/image/v2/BDDT_PRD/on/demandware.static/-/Sites-amart-master-catalog/default/dw2a4507fd/images/hi-res/710280003_002_20210218.jpg?sw=1610,https://www.amartfurniture.com.au/dw/image/v2/BDDT_PRD/on/demandware.static/-/Sites-amart-master-catalog/default/dwe0e7bd8c/images/hi-res/710280003_004_06052021.jpg?sw=1610,https://www.amartfurniture.com.au/dw/image/v2/BDDT_PRD/on/demandware.static/-/Sites-amart-master-catalog/default/dw712e503d/images/hi-res/710280003_999_06052021.jpg?sw=1610,https://www.amartfurniture.com.au/dw/image/v2/BDDT_PRD/on/demandware.static/-/Sites-amart-master-catalog/default/dw2bba7219/images/hi-res/470690001_02_18012017.jpg?sw=1610,https://www.amartfurniture.com.au/dw/image/v2/BDDT_PRD/on/demandware.static/-/Sites-amart-master-catalog/default/dwa7c75ee5/images/hi-res/470690001_03_18012017.jpg?sw=1610,https://www.amartfurniture.com.au/dw/image/v2/BDDT_PRD/on/demandware.static/-/Sites-amart-master-catalog/default/dwe86d4db0/images/hi-res/717240002_002_20201125.jpg?sw=1610,https://www.amartfurniture.com.au/dw/image/v2/BDDT_PRD/on/demandware.static/-/Sites-amart-master-catalog/default/dwcc2d9e7c/images/hi-res/717240002_003_20201125.jpg?sw=1610,https://www.amartfurniture.com.au/dw/image/v2/BDDT_PRD/on/demandware.static/-/Sites-amart-master-catalog/default/dwe86d4db0/images/hi-res/717240002_002_20201125.jpg?sw=1610","https://www.amartfurniture.com.au/dw/image/v2/BDDT_PRD/on/demandware.static/-/Sites-amart-master-catalog/default/dw3fac14ce/images/hi-res/613010001_020_24012021.jpg?sw=1610,https://www.amartfurniture.com.au/dw/image/v2/BDDT_PRD/on/demandware.static/-/Sites-amart-master-catalog/default/dw7540434e/images/hi-res/613010001_002_08212017.jpg?sw=1610,https://www.amartfurniture.com.au/dw/image/v2/BDDT_PRD/on/demandware.static/-/Sites-amart-master-catalog/default/dw7252780c/images/hi-res/613010001_004_08212017.jpg?sw=1610,https://www.amartfurniture.com.au/dw/image/v2/BDDT_PRD/on/demandware.static/-/Sites-amart-master-catalog/default/dw6969bd1a/images/hi-res/613010001_005_08212017.jpg?sw=1610,https://www.amartfurniture.com.au/dw/image/v2/BDDT_PRD/on/demandware.static/-/Sites-amart-master-catalog/default/dw9c75db5d/images/hi-res/626660001_999_17052022.jpg?sw=1610,https://www.amartfurniture.com.au/dw/image/v2/BDDT_PRD/on/demandware.static/-/Sites-amart-master-catalog/default/dwc20763ec/images/hi-res/626660001_002_08102018.jpg?sw=1610,https://www.amartfurniture.com.au/dw/image/v2/BDDT_PRD/on/demandware.static/-/Sites-amart-master-catalog/default/dw9d9f3e37/images/hi-res/626660001_003_08102018.jpg?sw=1610,https://www.amartfurniture.com.au/dw/image/v2/BDDT_PRD/on/demandware.static/-/Sites-amart-master-catalog/default/dw9d9f3e37/images/hi-res/626660001_003_08102018.jpg?sw=1610","https://www.amartfurniture.com.au/dw/image/v2/BDDT_PRD/on/demandware.static/-/Sites-amart-master-catalog/default/dw240850b8/images/hi-res/746340001_999_31032022.jpg?sw=1610,https://www.amartfurniture.com.au/dw/image/v2/BDDT_PRD/on/demandware.static/-/Sites-amart-master-catalog/default/dw07f1c93a/images/hi-res/746340001_002_30032022.jpg?sw=1610,https://www.amartfurniture.com.au/dw/image/v2/BDDT_PRD/on/demandware.static/-/Sites-amart-master-catalog/default/dw89cd65d1/images/hi-res/746340001_003_30032022.jpg?sw=1610,https://www.amartfurniture.com.au/dw/image/v2/BDDT_PRD/on/demandware.static/-/Sites-amart-master-catalog/default/dw68696623/images/hi-res/746340001_004_30032022.jpg?sw=1610,https://www.amartfurniture.com.au/dw/image/v2/BDDT_PRD/on/demandware.static/-/Sites-amart-master-catalog/default/dw3367be40/images/hi-res/746340001_888_31032022.jpg?sw=1610,https://www.amartfurniture.com.au/dw/image/v2/BDDT_PRD/on/demandware.static/-/Sites-amart-master-catalog/default/dw240850b8/images/hi-res/746340001_999_31032022.jpg?sw=1610,https://www.amartfurniture.com.au/dw/image/v2/BDDT_PRD/on/demandware.static/-/Sites-amart-master-catalog/default/dw07f1c93a/images/hi-res/746340001_002_30032022.jpg?sw=1610,https://www.amartfurniture.com.au/dw/image/v2/BDDT_PRD/on/demandware.static/-/Sites-amart-master-catalog/default/dw89cd65d1/images/hi-res/746340001_003_30032022.jpg?sw=1610","https://www.amartfurniture.com.au/dw/image/v2/BDDT_PRD/on/demandware.static/-/Sites-amart-master-catalog/default/dwf3b49a05/images/hi-res/662610001_002_08262019.jpg?sw=1610,https://www.amartfurniture.com.au/dw/image/v2/BDDT_PRD/on/demandware.static/-/Sites-amart-master-catalog/default/dwc2d7016a/images/hi-res/662610001_003_08262019.jpg?sw=1610,https://www.amartfurniture.com.au/dw/image/v2/BDDT_PRD/on/demandware.static/-/Sites-amart-master-catalog/default/dwb59c8dd2/images/hi-res/662610001_004_08262019.jpg?sw=1610,https://www.amartfurniture.com.au/dw/image/v2/BDDT_PRD/on/demandware.static/-/Sites-amart-master-catalog/default/dw1549264a/images/hi-res/684540001_002_30032020.jpg?sw=1610,https://www.amartfurniture.com.au/dw/image/v2/BDDT_PRD/on/demandware.static/-/Sites-amart-master-catalog/default/dw913af69b/images/hi-res/684540001_003_30032020.jpg?sw=1610,https://www.amartfurniture.com.au/dw/image/v2/BDDT_PRD/on/demandware.static/-/Sites-amart-master-catalog/default/dw5c0c0593/images/hi-res/684540001_004_30032020.jpg?sw=1610,https://www.amartfurniture.com.au/dw/image/v2/BDDT_PRD/on/demandware.static/-/Sites-amart-master-catalog/default/dw50ddc28e/images/hi-res/684540001_005_09092020.jpg?sw=1610,https://www.amartfurniture.com.au/dw/image/v2/BDDT_PRD/on/demandware.static/-/Sites-amart-master-catalog/default/dwb73e4c3c/images/hi-res/684540001_006_30032020.jpg?sw=1610","https://www.amartfurniture.com.au/dw/image/v2/BDDT_PRD/on/demandware.static/-/Sites-amart-master-catalog/default/dwce17194f/images/hi-res/704450001_002_06012021.jpg?sw=1610,https://www.amartfurniture.com.au/dw/image/v2/BDDT_PRD/on/demandware.static/-/Sites-amart-master-catalog/default/dwb36177c9/images/hi-res/704450001_003_06012021.jpg?sw=1610,https://www.amartfurniture.com.au/dw/image/v2/BDDT_PRD/on/demandware.static/-/Sites-amart-master-catalog/default/dwecbf22d3/images/hi-res/704450001_004_06012021.jpg?sw=1610,https://www.amartfurniture.com.au/dw/image/v2/BDDT_PRD/on/demandware.static/-/Sites-amart-master-catalog/default/dw5e9433d3/images/hi-res/704450001_007_06012021.jpg?sw=1610,https://www.amartfurniture.com.au/dw/image/v2/BDDT_PRD/on/demandware.static/-/Sites-amart-master-catalog/default/dw2efba88d/images/hi-res/704450001_888_21102021.jpg?sw=1610,https://www.amartfurniture.com.au/dw/image/v2/BDDT_PRD/on/demandware.static/-/Sites-amart-master-catalog/default/dw8ce33ded/images/hi-res/704450001_889_06012021.jpg?sw=1610https://www.amartfurniture.com.au/dw/image/v2/BDDT_PRD/on/demandware.static/-/Sites-amart-master-catalog/default/dwce17194f/images/hi-res/704450001_002_06012021.jpg?sw=1610,https://www.amartfurniture.com.au/dw/image/v2/BDDT_PRD/on/demandware.static/-/Sites-amart-master-catalog/default/dwb36177c9/images/hi-res/704450001_003_06012021.jpg?sw=1610","https://www.amartfurniture.com.au/dw/image/v2/BDDT_PRD/on/demandware.static/-/Sites-amart-master-catalog/default/dw96ac8f62/images/hi-res/704940001_003_08022021.jpg?sw=1610,https://www.amartfurniture.com.au/dw/image/v2/BDDT_PRD/on/demandware.static/-/Sites-amart-master-catalog/default/dw8585b503/images/hi-res/704940001_004_08022021.jpg?sw=1610,https://www.amartfurniture.com.au/dw/image/v2/BDDT_PRD/on/demandware.static/-/Sites-amart-master-catalog/default/dw892dccc1/images/hi-res/704940001_005_08022021.jpg?sw=1610,https://www.amartfurniture.com.au/dw/image/v2/BDDT_PRD/on/demandware.static/-/Sites-amart-master-catalog/default/dw32acb500/images/hi-res/704940001_006_08022021.jpg?sw=1610,https://www.amartfurniture.com.au/dw/image/v2/BDDT_PRD/on/demandware.static/-/Sites-amart-master-catalog/default/dweab9dac8/images/hi-res/704940001_007_08022021.jpg?sw=1610,https://www.amartfurniture.com.au/dw/image/v2/BDDT_PRD/on/demandware.static/-/Sites-amart-master-catalog/default/dw1966eb91/images/hi-res/704940001_888_08022021.jpg?sw=1610,https://www.amartfurniture.com.au/dw/image/v2/BDDT_PRD/on/demandware.static/-/Sites-amart-master-catalog/default/dw71d864cb/images/hi-res/704940001_889_08022021.jpg?sw=1610,https://www.amartfurniture.com.au/dw/image/v2/BDDT_PRD/on/demandware.static/-/Sites-amart-master-catalog/default/dw96ac8f62/images/hi-res/704940001_003_08022021.jpg?sw=1610","https://ii1.pepperfry.com/media/catalog/product/a/c/800x880/acropolis-solid-wood-trundle-bed-in-honey-oak-finish---woodsworth-by-pepperfry-acropolis-solid-wood--tqxrxi.jpg,https://ii1.pepperfry.com/media/catalog/product/a/c/800x880/acropolis-solid-wood-trundle-bed-in-honey-oak-finish---woodsworth-by-pepperfry-acropolis-solid-wood--ejhk4w.jpg,https://ii1.pepperfry.com/media/catalog/product/a/c/800x880/acropolis-solid-wood-trundle-bed-in-honey-oak-finish---woodsworth-by-pepperfry-acropolis-solid-wood--pvkqgo.jpg,https://ii1.pepperfry.com/media/catalog/product/a/c/800x880/acropolis-solid-wood-trundle-bed-in-honey-oak-finish---woodsworth-by-pepperfry-acropolis-solid-wood--6cbvef.jpg,https://ii1.pepperfry.com/media/catalog/product/a/c/800x880/acropolis-solid-wood-trundle-bed-in-honey-oak-finish---woodsworth-by-pepperfry-acropolis-solid-wood--obadqu.jpg,https://ii1.pepperfry.com/media/catalog/product/a/c/800x880/acropolis-solid-wood-trundle-bed-in-honey-oak-finish---woodsworth-by-pepperfry-acropolis-solid-wood--sgv5wp.jpg,https://ii1.pepperfry.com/media/catalog/product/a/c/800x880/acropolis-solid-wood-trundle-bed-in-honey-oak-finish---woodsworth-by-pepperfry-acropolis-solid-wood--yo2nzu.jpg,https://ii1.pepperfry.com/media/catalog/product/a/c/800x880/acropolis-solid-wood-trundle-bed-in-honey-oak-finish---woodsworth-by-pepperfry-acropolis-solid-wood--tqxrxi.jpg","https://ii1.pepperfry.com/media/catalog/product/k/i/800x880/kids-activity-table-and-chair-in-green-colour-by-tickle-teo-kids-activity-table-and-chair-in-green-c-zpjj8d.jpg,https://ii1.pepperfry.com/media/catalog/product/k/i/800x880/kids-activity-table-and-chair-in-green-colour-by-tickle-teo-kids-activity-table-and-chair-in-green-c-tstfem.jpg,https://ii1.pepperfry.com/media/catalog/product/k/i/800x880/kids-activity-table-and-chair-in-green-colour-by-tickle-teo-kids-activity-table-and-chair-in-green-c-hnpxfy.jpg,https://ii1.pepperfry.com/media/catalog/product/k/i/800x880/kids-activity-table-and-chair-in-green-colour-by-tickle-teo-kids-activity-table-and-chair-in-green-c-pukb07.jpg,https://ii1.pepperfry.com/media/catalog/product/k/i/800x880/kids-activity-table-and-chair-in-green-colour-by-tickle-teo-kids-activity-table-and-chair-in-green-c-voptkg.jpg,https://ii1.pepperfry.com/media/catalog/product/k/i/800x880/kids-activity-table-and-chair-in-green-colour-by-tickle-teo-kids-activity-table-and-chair-in-green-c-v3athm.jpg,https://ii1.pepperfry.com/media/catalog/product/k/i/800x880/kids-activity-table-and-chair-in-green-colour-by-tickle-teo-kids-activity-table-and-chair-in-green-c-g9jb3m.jpg,https://ii1.pepperfry.com/media/catalog/product/k/i/800x880/kids-activity-table-and-chair-in-green-colour-by-tickle-teo-kids-activity-table-and-chair-in-green-c-zpjj8d.jpg","https://ii1.pepperfry.com/media/catalog/product/k/i/800x880/kids-tolder-wardrobe-in-white-colour-by-tickle-teo-kids-tolder-wardrobe-in-white-colour-by-tickle-te-mwoyzn.jpg,https://ii1.pepperfry.com/media/catalog/product/k/i/800x880/kids-tolder-wardrobe-in-white-colour-by-tickle-teo-kids-tolder-wardrobe-in-white-colour-by-tickle-te-zfae1z.jpg,https://ii1.pepperfry.com/media/catalog/product/k/i/800x880/kids-tolder-wardrobe-in-white-colour-by-tickle-teo-kids-tolder-wardrobe-in-white-colour-by-tickle-te-ytw9l3.jpg,https://ii1.pepperfry.com/media/catalog/product/k/i/800x880/kids-tolder-wardrobe-in-white-colour-by-tickle-teo-kids-tolder-wardrobe-in-white-colour-by-tickle-te-0ogehx.jpg,https://ii1.pepperfry.com/media/catalog/product/k/i/800x880/kids-tolder-wardrobe-in-white-colour-by-tickle-teo-kids-tolder-wardrobe-in-white-colour-by-tickle-te-btj1gg.jpg,https://ii1.pepperfry.com/media/catalog/product/k/i/800x880/kids-tolder-wardrobe-in-white-colour-by-tickle-teo-kids-tolder-wardrobe-in-white-colour-by-tickle-te-6xrtuu.jpg,https://ii1.pepperfry.com/media/catalog/product/k/i/800x880/kids-tolder-wardrobe-in-white-colour-by-tickle-teo-kids-tolder-wardrobe-in-white-colour-by-tickle-te-mwoyzn.jpg,https://ii1.pepperfry.com/media/catalog/product/k/i/800x880/kids-tolder-wardrobe-in-white-colour-by-tickle-teo-kids-tolder-wardrobe-in-white-colour-by-tickle-te-zfae1z.jpg","https://ii1.pepperfry.com/media/catalog/product/m/u/800x880/multi-function-toy-organizer-in-blue-colour-by-tickle-teo-multi-function-toy-organizer-in-blue-colou-ufx4cp.jpg,https://ii1.pepperfry.com/media/catalog/product/m/u/800x880/multi-function-toy-organizer-in-blue-colour-by-tickle-teo-multi-function-toy-organizer-in-blue-colou-pmzfed.jpg,https://ii1.pepperfry.com/media/catalog/product/m/u/800x880/multi-function-toy-organizer-in-blue-colour-by-tickle-teo-multi-function-toy-organizer-in-blue-colou-0ctajo.jpg,https://ii1.pepperfry.com/media/catalog/product/m/u/800x880/multi-function-toy-organizer-in-blue-colour-by-tickle-teo-multi-function-toy-organizer-in-blue-colou-ybbuku.jpg,https://ii1.pepperfry.com/media/catalog/product/m/u/800x880/multi-function-toy-organizer-in-blue-colour-by-tickle-teo-multi-function-toy-organizer-in-blue-colou-vm7kts.jpg,https://ii1.pepperfry.com/media/catalog/product/m/u/800x880/multi-function-toy-organizer-in-blue-colour-by-tickle-teo-multi-function-toy-organizer-in-blue-colou-mnbbra.jpg,https://ii1.pepperfry.com/media/catalog/product/m/u/800x880/multi-function-toy-organizer-in-blue-colour-by-tickle-teo-multi-function-toy-organizer-in-blue-colou-ufx4cp.jpg,https://ii1.pepperfry.com/media/catalog/product/m/u/800x880/multi-function-toy-organizer-in-blue-colour-by-tickle-teo-multi-function-toy-organizer-in-blue-colou-pmzfed.jpg"
category,Bed Room,Bed Room,Bed Room,Bed Room,Living Room,Living Room,Living Room,Living Room,Dining,Dining,Dining,Dining,Office,Office,Office,Office,Kids,Kids,Kids,Kids
title,Baltoto Engineered Wood Queen Size Hydraulic Storage Bed In White,Zoey Storage Bed With Simplywud Essential Foam Mattress,Stanhope Engineered Wood Queen Size Drawer Storage Upholstered Bed In Finish,Felicity 3 Seater Sofa Cum Bed False In Blue Colour,Morgen Fabric Lounge Chair In Blue Nightingale Colour,Marcel Rectangular Metal Coffee Table In White Gloss Finish,Bayern Engineering Wood TV Unit In Columbian Walnut,Kyodo Metal Outdoor Chair In Orange Colour - Set Of,Arabia Solid Wood 4 Seater Dining Table In Mahogany Finish,Gordon Solid Wood Dining Chair Set Of In Teak Finish,Akira Solid Wood Sideboard In Teak Finish,Boisdale Solid Wood Bar Cabinet In Walnut Finish,Rhodes Solid Wood Bookshelf In Mahogany,1956 Leatherette Lounge Chair In Black Colour,Niccol Engineered Wood Study Table In Golden oak Finish,Venturi Metal Study Chair In Aqua Colour,Engineered Wood Kids Storage Cabinet,Princess Engineered Wood Chest Of 6 Drawers In Glossy Finish,Engineered Wood Kids Bookshelf In Matte Laminate Barbie Pink,Adonica Engineered Wood Door Kids Wardrobe In Verdant Green Colour
description,"The Beatrice Solidwood Queen Bed features a pull out drawer and is made of kilndried and chemically treated solid Sheesham 
wood. It features an elegant headboard of 40 mm thickness, and the thickness of the footboard and side panels is 27 mm. The
 side rails are 400 mm from the floor, and it features a plywood mattress panel between them. The compatible mattress sizes
 are 78X 60 for the queen size variant and 78 X 72 for the kingsize variant. The bed has a warranty of one year against all
 kinds of manufacturing defects.","Zoey Storage Bed With Simplywud Essential Foam Mattress features Zoey Storage Single Bed (Single Bed Size, Classic Walnut Finish) Dimensions : 80.0 cm x 208.0 cm x 208.0 cm, SimplyWud Essential Mattress (King Mattress Type, 4 in Mattress Thickness (in Inches), 78 x 72 in Mattress Size, White & Grey) Dimensions : 10.0 cm x 183.0 cm x 198.0 cm.","With a plushly padded headrest and button tufting, this upholstered bed is as stunning as it is comfy. This bed is upholstered in durable, anti-fade fabric that will keep it looking new for years to come! Welcome to 160 litres of extra storage. Four smooth, easy-access drawers make room for all your spares. With soft cushioning and rounded corners, this bed is designed to be safe for kids (and adults alike). You can let your toddler zoom around without worrying about boo-boos!","Induces yawns. In a good way. Plush and comfy, the Felicity is every insomniac’s dream come true. A gentle push turns it into an inviting single bed. Perfect for small apartments and sudden guests. Choose from 3 delectable shades. It’ll sit pretty in your living room, Made of eucalyptus wood, Foam cushioning, Fabric upholstery, The click-clack mechanism for ease of use.","Lean back and relax in the tall enclosing wings of the Morgen, The comfortable wings provide plenty of head and neck support while the spacious seat lets you sit in a variety of positions, The sleek classic-contemporary lines and striking upholstery make it a great accent chair, Refer to the images for details of dimensions, For indoor use only.","A minimalist marvel. The Marcel coffee table is elegant, sleek, and undeniably striking. The glossy white veneer of the table is complemented by the sheen of the metal legs. The spacious table top makes room for magazines, mugs, and more. Table top made of MDF, base made of metal, White glossy finish, Please refer to images for dimension details, For indoor use only.","Blissfully Bavarian. The Bayern family's crisp, clean lines and functional details create a contemporary evolution of German modernism. The low profile tv unit sits neatly below your wall mounted flat screen. The top shelf can be pulled outwards to adjust its lenth up to nearly double its normal size. That ample surface provides plenty of room for your set top box, consoles and other electronics, Comes with two finish options – Off-white & Walnut or Off-white & Columbian Walnut.","No more hang-ups. Here, there are only hang-outs with your favourite book or beverage. And the soothing to-and-fro of the Kyodo swing. So soothing, that you’ll wait for the day to end just so you can sit back, relax, and sway your way to nirvana. Frame made of aluminium with powder coating, Seat and back made of PE round rattan, Polyester cushion fabric, Materials used are water resistant, making it ideal for outdoor use.","There is no spoon, you say? Look below. Two spacious drawers make room for cutlery, seasoning and placemats. Now everything’s right where you need it. We’ve also added beauty to brains with an elegant design and gorgeous finish. Made of sheesham wood with MDF drawers, Available in 2 finishes, Seats up to 4, Please refer to images for dimension details, Indoor use only.","Bring dinner times back in style with the comfortable Gordon Dining Chair, Stylish angular lines are complemented by a comfortable seating posture to let you linger at the table, The sturdy wooden seat and back ensure that your dining room stays low maintenance, Made of high grade Sheesham wood, Refer to the images for details of dimensions, For indoor use only.","You call it a cabinet, we call it the perfect display. The Akira features a sleek glass front, held together by warm sheesham wood. The perfect home for your museum-worthy china, it also doubles as a serving station. Made from sheesham wood and glass, with acacia wood shelves, Available in 2 finishes, Available in 2 sizes, Indoor use only.","A shot for every time someone asks “Where’d you get this from?” A mirrored back panel, and sleek legs and handles make the Boisdale a conversation starter. A laddered shelf lets you spot bottles with ease. An overhead rack keeps wine glasses safe. Pull open a drawer and voila! It’s also a mixing counter. Made of mango wood in a dark walnut finish, Mirrored interior panel, Storage capacity: 12 bottles (approx.) | 9 whiskey glasses + 9 tall glasses | 6 wine glasses, MDF back panel.","Large folding bookshelf with 5 spacious shelves, Slatted frame and shelves with a simple style that blends into most décor, Can be used as a bookshelf, decorative display or room divider, Made of high-grade Sheesham wood, Removable shelves allow you to configure the interior space as you require, Whole bookshelf can be folded to a flat package for transport or storage, Dimensions: 24 inches by 13 inches with a 65 inch height split evenly among 5 shelves, Indoor use only.","An icon in every sense of the word. The Lounge Chair & Ottoman (1956) designed by Charles E. and Ray E., is considered to be one of the most significant designs of the 20th century, This high quality replica pairs sleek moulded plywood with soft artificial leather to create an inviting form that's both beautiful and supremely comfortable, The chair and ottoman are both mounted on swivelling metal bases, For indoor use only.","Flexi-time. The Niccol adjustable study table is best suited to today’s students and workaholics, as its flexible design option offers several configurations. Simply swivel its table or desk on its smooth castor wheels, to make the most of corners or  long, narrow spaces. A mix of open and closed storage offers plenty of room to store books, files, stationery and more. And should a pathbreaking idea happen to strike as you work, simply jot it down on its glass tabletop that doubles as a whiteboard. Desk made from engineered wood (MDF), Table made of powder-coated metal, with a 8mm toughened glass tabletop.","Meshed up. The Venturi study chair understands your back, and neck. The double mesh back is designed for comfort and support. The curved seat and back are additional ergonomic features to ensure that your working day sails smoothly ahead. Adjustable seat height, head rest height & angle and free rolling castors make it practical as well as stylish, Available in a choice of 3 colours - Aqua, Coffee, and Ash Grey, For indoor use only.","Product Dimensions : 120.0 cm x 40.0 cm x 120.0 cm, Sold By : Reliance Retail Limited, 3rd Floor, Court House, Lokmanya Tilak Marg, Dhobi Talao, Mumbai-400002, Marketed By : Adona Woods Pvt. Ltd.,Plot No-52, Industrial Area, Basai Enclave Phase - I, Gurgaon, Haryana - 122001, Manufactured By : Adona Woods Pvt. Ltd.,Plot No-52, Industrial Area, Basai Enclave Phase - I, Gurgaon, Haryana - 122001.","Product Dimensions : 68.0 cm x 30.0 cm x 60.0 cm, Sold By : Reliance Retail Limited, 3rd Floor, Court House, Lokmanya Tilak Marg, Dhobi Talao, Mumbai-400002, Marketed By : Pace Sports And Entertainment Pvt Ltd, E-321/E-322, Sumel Business Park-6, Dudheshwar, Ahmedabad, Gujarat - 380004, Manufactured By : Pace Sports And Entertainment Pvt Ltd, E-321/E-322, Sumel Business Park-6, Dudheshwar, Ahmedabad, Gujarat - 380004.","Product Dimensions : 120.0 cm x 40.0 cm x 40.0 cm, Sold By : Reliance Retail Limited, 3rd Floor, Court House, Lokmanya Tilak Marg, Dhobi Talao, Mumbai-400002, Marketed By : Adona Woods Pvt. Ltd.,Plot No-52, Industrial Area, Basai Enclave Phase - I, Gurgaon, Haryana - 122001, Manufactured By : Adona Woods Pvt. Ltd.,Plot No-52, Industrial Area, Basai Enclave Phase - I, Gurgaon, Haryana - 122001.","Product Dimensions : 180.0 cm x 60.0 cm x 80.0 cm, Sold By : Reliance Retail Limited, 3rd Floor, Court House, Lokmanya Tilak Marg, Dhobi Talao, Mumbai-400002, Marketed By : Adona Woods Pvt. Ltd.,Plot No-52, Industrial Area, Basai Enclave Phase - I, Gurgaon, Haryana - 122001, Manufactured By : Adona Woods Pvt. Ltd.,Plot No-52, Industrial Area, Basai Enclave Phase - I, Gurgaon, Haryana - 122001."
primaryMaterial,Sheesham Wood,Sheesham Wood,Sheesham Wood,Eucalyptus Wood,Eucalyptus Wood,Eucalyptus Wood,Eucalyptus Wood,Eucalyptus Wood,Sheesham Wood,Sheesham Wood,Sheesham Wood,Boisdale Solid Wood,Rhodes Solid Wood,Eucalyptus Wood,Niccol Engineered Wood,Engineered Wood,Adona Wood,Engineered Wood,Engineered Wood,Adonica Engineered Wood
stocks,5,10,30,30,40,30,50,20,60,80,30,50,60,30,40,40,20,30,20,40
price,64609,16589,48953,32699,26399,10207,8409,29591,14151,6788,60344,27674,16659,79715,18909,9255,28999,4499,18629,35639
isReturnable,No,No,Yes,Yes,No,No,Yes,No,No,Yes,No,Yes,No,Yes,No,Yes,No,No,No,No
,,,,,,,,,,,,,,,,,,,,
